{"cameraMode":{"drawMode":0,"name":"Shaded","section":"Shading Mode"},"sceneLighting":true,"audioPlay":false,"sceneViewState":{"m_AlwaysRefresh":false,"showFog":true,"showSkybox":true,"showFlares":true,"showImageEffects":true,"showParticleSystems":true,"showVisualEffectGraphs":true,"m_FxEnabled":true},"in2DMode":false,"pivot":{"x":0.3435037136077881,"y":-0.036408185958862308,"z":-0.02376970648765564},"rotation":{"x":-0.10872971266508103,"y":0.8485395908355713,"z":-0.19180887937545777,"w":-0.48100748658180239},"size":0.25083571672439577,"orthographic":false}